generation,episode,reward,mutationResidue,oldAA,newAA
1,1,145.0951,260,G,A
1,2,138.5681,216,D,P
1,3,88.098,148,W,R
1,4,211.1566,263,T,R
1,5,213.7404,118,V,L
2,1,156.1205,41,G,A
2,2,88.4624,35,L,D
2,3,90.741,183,E,Q
2,4,152.6014,140,A,P
2,5,87.1821,178,E,Q
3,1,150.0505,206,G,D
3,2,153.4661,26,T,A
3,3,63.821,25,L,V
3,4,89.4306,243,A,V
3,5,89.4346,251,G,P
4,1,63.405,49,T,E
4,2,83.7913,114,L,A
4,3,145.573,54,F,L
4,4,141.2026,138,G,A
4,5,154.8756,244,F,Y
5,1,155.9799,293,E,A
5,2,148.3117,42,F,L
5,3,155.1792,285,A,R
5,4,153.7592,238,R,A
5,5,84.4881,120,R,E
6,1,90.5957,15,E,L
6,2,158.47,61,G,L
6,3,90.0963,174,V,L
6,4,152.5811,21,T,L
6,5,76.0281,83,H,G
7,1,151.5449,277,E,A
7,2,89.6007,276,N,A
7,3,63.5137,126,L,V
7,4,155.8845,153,H,R
7,5,85.6424,188,G,H
8,1,154.7093,53,E,D
8,2,151.9878,144,R,P
8,3,158.0649,65,T,G
8,4,155.3053,201,V,L
8,5,89.5282,41,G,A
9,1,85.5157,2,T,A
9,2,148.8987,233,P,G
9,3,155.2344,129,A,P
9,4,156.5617,288,G,A
9,5,142.3295,206,G,D
10,1,151.2352,260,G,A
10,2,85.9466,238,R,A
10,3,141.2467,91,I,A
10,4,157.0645,216,D,P
10,5,151.4177,46,P,E
11,1,155.3397,85,Q,G
11,2,215.8054,68,Y,G
11,3,139.7498,269,E,A
11,4,150.8984,82,E,R
11,5,156.0122,35,L,D
