generation,episode,reward,mutationResidue, oldAA, newAA
1,1,75.88397044188643,260,G,A
1,2,104.08629749596639,216,D,P
1,3,255.97719048001926,148,W,R
1,4,234.3503258053323,263,T,R
1,5,155.36964642233215,118,V,L
1,6,235.47882200765855,41,G,A
1,7,257.1358099108759,35,L,D
1,8,100.89050074109367,183,E,Q
1,9,259.435589139921,140,A,P
1,10,259.6976651823732,178,E,Q
2,1,72.43965543972591,206,G,D
2,2,106.30555950122691,26,T,A
2,3,150.69246823316834,25,L,V
2,4,100.64014121340198,243,A,V
2,5,77.33549876817948,251,G,P
2,6,93.18792741175051,49,T,E
2,7,126.51219742476833,114,L,A
2,8,109.56652173836228,54,F,L
2,9,122.88544554956091,138,G,A
2,10,103.03039203590174,244,F,Y
3,1,176.18140070799,179,E,D
3,2,244.50197775133375,148,W,R
3,3,101.11693369260252,265,A,P
3,4,234.774639535118,134,S,A
3,5,244.4055415950436,68,Y,G
3,6,158.41135209177222,264,V,A
3,7,157.38390665008328,211,L,W
3,8,260.5071862909392,303,R,A
3,9,234.0372898703341,303,A,P
3,10,235.80448304211913,295,A,G
4,1,179.83574569173254,20,E,L
4,2,126.65772069028208,101,P,D
4,3,99.2670134185115,152,N,P
4,4,96.15459454359953,269,E,A
4,5,111.86007545329416,54,F,L
4,6,164.44803606688512,235,S,G
4,7,223.5265706561754,169,T,L
4,8,213.33046223197888,24,G,E
4,9,244.26885725110614,209,E,Q
4,10,215.02942222858258,88,H,P
5,1,74.93397152060786,2,T,A
5,2,108.21039062105011,233,P,G
5,3,71.83766897206691,131,E,A
5,4,123.85474289731658,286,D,R
5,5,117.04605618108262,205,G,A
5,6,112.69797791341489,257,G,A
5,7,73.73411139798442,238,R,A
5,8,174.20168477085252,92,D,P
5,9,105.30579782596907,216,D,P
5,10,167.30946814233977,47,G,L
6,1,129.9500970020287,86,T,G
6,2,118.14821895289678,66,R,A
6,3,76.98824824013964,266,R,P
6,4,102.2197851186337,81,R,P
6,5,126.62498656053084,35,L,D
6,6,78.1681190949956,111,M,A
6,7,142.8636633823684,162,G,R
6,8,134.6082334739208,58,V,A
6,9,160.65268199439197,27,R,E
6,10,173.75341995148062,182,L,V
7,1,95.0366802313017,77,V,R
7,2,104.08970710018222,86,T,G
7,3,123.78226651237647,5,L,A
7,4,72.72783299562593,225,R,V
7,5,99.8033659558645,220,R,P
7,6,113.44908915048367,304,A,R
7,7,76.9573578845304,168,D,E
7,8,71.62952121932517,264,V,A
7,9,70.98040873353183,181,G,L
7,10,80.95318924791079,298,A,P
8,1,170.50725774138283,268,T,A
8,2,96.4080662377711,298,A,P
8,3,119.84573411704623,49,T,E
8,4,71.57928223075487,37,A,D
8,5,78.96337437378739,142,D,L
8,6,172.52074856450244,25,L,V
8,7,118.79436592765278,278,R,A
8,8,102.53986343885272,62,G,L
8,9,73.79164409718851,95,G,A
8,10,76.15214336380923,179,E,D
9,1,119.94379092719764,80,D,G
9,2,102.31441559976041,247,P,A
9,3,74.82275270021432,73,D,G
9,4,103.8595115037567,34,F,Y
9,5,77.02644749040506,262,A,P
9,6,114.81263994471419,151,A,P
9,7,94.89289271110714,162,G,R
9,8,109.5645694102438,273,R,A
9,9,110.72331200358603,1,S,T
9,10,97.36545794894955,6,R,A
10,1,178.60874876023226,260,G,A
10,2,99.25022666415146,35,L,D
10,3,89.00066873600963,73,D,G
10,4,75.66924819107017,51,C,L
10,5,98.37358881348585,27,R,E
10,6,71.01184069913471,9,K,A
10,7,108.918551869155,201,V,L
10,8,93.42752247402011,110,H,R
10,9,80.22023750802039,59,E,L
10,10,99.94486491035786,194,D,P
11,1,89.23390888187896,235,S,G
11,2,124.87515318757826,126,L,V
11,3,118.27240667375236,58,V,A
11,4,112.73808388224025,243,A,V
11,5,106.26380310258729,190,W,F
11,6,112.65954127249802,163,C,L
11,7,101.3080220506291,175,L,V
11,8,105.71975039617428,168,D,E
11,9,75.6044687591384,78,Y,P
11,10,76.51990946972546,293,E,A
