generation,episode,reward,rmse,mutID,mutationResidue,oldAA,newAA
1,1,6.9768,5.575,79094ef31ed65e340e791eab6f4e997ef8bc8970,244,F,F
1,2,0.0,6.704,09996a376e2e25265fe803b314b62e717a4a9ede,147,E,L
2,1,6.5776,5.5734,a54ed0f494893e424d28e0a65db923525c3017d3,146,T,L
2,2,6.6321,5.4907,f82f812681d26dd207671a0bbdc93b50c6fb792c,206,G,D
3,1,0.0,6.3974,d6fa7c89c21ca11aa73af88b15ecc664e93337c3,286,D,R
3,2,6.6002,5.9397,d6fa7c89c21ca11aa73af88b15ecc664e93337c3,173,T,T
4,1,6.9768,5.575,79094ef31ed65e340e791eab6f4e997ef8bc8970,244,F,F
4,2,6.9768,5.575,79094ef31ed65e340e791eab6f4e997ef8bc8970,205,G,G
5,1,0.0,6.4649,939bd1e5684a89eea32cbd4f4170b12915347732,289,I,A
5,2,0.0,6.1803,939bd1e5684a89eea32cbd4f4170b12915347732,244,F,F
6,1,0.0,6.4201,79094ef31ed65e340e791eab6f4e997ef8bc8970,224,H,H
6,2,0.0,7.476,09c0e00cbaa22f287e1ef7d21129eabb08ea3244,81,R,P
