generation,episode,reward,mutID,mutationResidue,oldAA,newAA
1,1,113.0741,d27e6afc186b75c76b7fe435f4b9560b42cd14a2,260,G,A
1,2,111.5363,c8a10dea28a77dd5a54e6b3bff917c6d12aef46d,216,D,P
1,3,103.3727,955e59fc22a1e87e2ab10a68f3a5c98643a236a4,148,W,R
1,4,120.2298,25f547df8c587039729a955c6f4cb3c83005f49c,263,T,R
1,5,105.1588,b8d8050f43b71ccf975db7ed0a80e234855f027b,118,V,L
1,6,124.561,73f03501d88ed0f960f592fe5f6124e73644cb01,41,G,A
1,7,122.8339,4d620996829bdf69d2437cdb6940cc233521eaf3,35,L,D
1,8,93.0622,00fabcb6e86abbd64330e8a307762c5d347247e8,183,E,Q
1,9,105.2756,f74925e0f2dbd9eb14447f51d5c862455f02ecd6,140,A,P
1,10,120.075,a1c3c4a97d6bd518e48ffa0772dda1f342f6565e,178,E,Q
2,1,116.798,af895cae38f50b8ad608cacdd29f7ae1ddca485c,206,G,D
2,2,115.6852,ab955c776f37f5544fae82246801d9a2769dfb79,26,T,A
2,3,114.3013,1a0a4210c7fbec369f44508687af2363e72d8760,25,L,V
2,4,114.4768,6dc168e099aae66a1c19408847f7f9495b2b5216,243,A,V
2,5,115.6542,91438d65c636cbfd2c8442c68b92b155f88758ee,251,G,P
2,6,113.7273,5bd4159c0713ad18fb2d2a846002564f6b7df27c,49,T,E
2,7,115.6283,2b611616233e02901686b2fc0a6dd8ec9c570ff2,114,L,A
2,8,112.9482,6e6a373552f8835a6ba7a6c6fa001d8bbefa4498,54,F,L
2,9,112.7349,46861e00ed193d15618049a480e2ca269f83ce14,138,G,A
2,10,111.1996,1444e75be78da7e2931ed2b5f85ad252461f0798,244,F,Y
3,1,111.2406,6d158fe290fd5017d73aec191e5eef2bb245b649,179,E,D
3,2,93.0458,955e59fc22a1e87e2ab10a68f3a5c98643a236a4,148,W,R
3,3,103.421,1f53ccdef65850680f3a99c865464637782ca6a5,265,A,P
3,4,92.8239,8f3f3cc121b2e0b9b67c9595347d7d2b0dd21437,134,S,A
3,5,93.2483,306d1dfeb5e1085b4f3e24b09348dc81ae645662,68,Y,G
3,6,123.3654,12e5788d749ca0b681d4f032b25b6d257325d045,264,V,A
3,7,123.0583,cf36f354a35629e8f67fe5763b2daf9f978d0e2b,211,L,W
3,8,91.7221,9cf679a9c5542d052f5b9fd38195e755841f8057,303,R,A
3,9,93.4275,db02e8dbba2ca978bde564db4603195d7659b46f,303,A,P
3,10,92.306,dea2b8be3c05a7e32d8e1c0cb085cc688668c765,295,A,G
4,1,114.106,0c0669ff2f8dcec30d9aff9f411b757c1c1ac29f,20,E,L
4,2,115.3196,8651a6b7cbc4b018fd9bb7015a505d05e6fdae34,101,P,D
4,3,112.6623,1e16add1d5649bf0b13dd0d86c7d3fc630d89625,152,N,P
4,4,100.5133,2368d29bb7bbfa5e31d33bb3936e2ea89938fe66,269,E,A
4,5,83.5907,6e6a373552f8835a6ba7a6c6fa001d8bbefa4498,54,F,L
